data;horario;n_da_ocorrencia;tipo_de_ocorrencia;km;trecho;sentido;tipo_de_acidente;automovel;bicicleta;caminhao;moto;onibus;outros;tracao_animal;transporte_de_cargas_especiais;trator_maquinas;utilitarios;ilesos;levemente_feridos;moderadamente_feridos;gravemente_feridos;mortos
"28/04/2025";"02:22:09";"28";"Sem vítima";"555,000";"BR-040/MG";"Crescente";"Capotamento";1;0;0;0;0;0;0;0;0;0;1;0;0;0;0
"28/04/2025";"06:38:13";"84";"Sem vítima";"611,500";"BR-040/MG";"Decrescente";"Colisão traseira";3;0;0;0;0;0;0;0;0;0;3;0;0;0;0
"28/04/2025";"07:58:50";"107";"Sem vítima";"617,100";"BR-040/MG";"Decrescente";"Colisão traseira";2;0;0;0;0;0;0;0;0;0;2;0;0;0;0
"28/04/2025";"10:31:25";"146";"Sem vítima";"629,100";"BR-040/MG";"Decrescente";"Colisão traseira";3;0;0;0;0;0;0;0;0;0;2;0;0;0;0
"29/04/2025";"04:50:41";"56";"Com vítima";"549,300";"BR-040/MG";"Crescente";"Colisão traseira";0;0;1;0;0;0;0;0;0;1;2;0;0;1;0
"29/04/2025";"05:58:18";"61";"Com vítima";"771,200";"BR-040/MG";"Decrescente";"Colisão traseira";1;0;1;0;0;0;0;0;0;0;1;1;0;0;0
"29/04/2025";"15:59:46";"168";"Sem vítima";"705,700";"BR-040/MG";"Crescente";"Choque";1;0;0;0;0;0;0;0;0;0;1;0;0;0;0
"29/04/2025";"18:53:06";"211";"Sem vítima";"581,540";"BR-040/MG";"Decrescente";"Colisão traseira";0;0;2;0;0;0;0;0;0;0;2;0;0;0;0
"30/04/2025";"12:06:18";"182";"Com vítima";"639,100";"BR-040/MG";"Crescente";"Choque";1;0;0;0;0;0;0;0;0;0;0;1;0;0;0
"30/04/2025";"17:14:07";"251";"Sem vítima";"745,000";"BR-040/MG";"Decrescente";"Acidentes de outra natureza";1;0;0;0;0;0;0;0;0;0;1;0;0;0;0
"30/04/2025";"19:33:29";"270";"Sem vítima";"761,100";"BR-040/MG";"Crescente";"Colisão traseira";2;0;0;0;0;0;0;0;0;0;2;0;0;0;0
"30/04/2025";"23:24:06";"306";"Sem vítima";"674,000";"BR-040/MG";"Crescente";"Atropelamento de animal";1;0;0;0;0;0;0;0;0;0;1;0;0;0;0
"01/05/2025";"00:30:06";"5";"Com vítima";"547,322";"BR-040/MG";"Crescente";"Colisão traseira";2;0;0;0;0;0;0;0;0;0;1;0;4;0;0
"01/05/2025";"06:57:51";"75";"Sem vítima";"730,300";"BR-040/MG";"Crescente";"Acidentes de outra natureza";1;0;0;0;0;0;0;0;0;0;1;0;0;0;0
"01/05/2025";"08:08:14";"87";"Sem vítima";"731,000";"BR-040/MG";"Crescente";"Acidentes de outra natureza";1;0;0;0;0;0;0;0;0;0;1;0;0;0;0
"01/05/2025";"08:34:35";"90";"Sem vítima";"728,300";"BR-040/MG";"Crescente";"Choque";1;0;0;0;0;0;0;0;0;0;1;0;0;0;0
"01/05/2025";"10:15:01";"112";"Sem vítima";"669,300";"BR-040/MG";"Crescente";"Colisão traseira";2;0;0;0;0;0;0;0;0;0;2;0;0;0;0
"01/05/2025";"10:49:38";"116";"Sem vítima";"653,000";"BR-040/MG";"Crescente";"Colisão traseira";1;0;1;0;0;0;0;0;0;0;2;0;0;0;0
"01/05/2025";"14:32:07";"161";"Sem vítima";"621,000";"BR-040/MG";"Crescente";"Colisão traseira";1;0;0;0;0;0;0;0;0;0;1;0;0;0;0
"01/05/2025";"14:50:37";"171";"Com vítima";"545,309";"BR-040/MG";"Decrescente";"Colisão traseira";1;0;0;1;0;0;0;0;0;0;1;0;0;0;1
"02/05/2025";"06:45:12";"62";"Sem vítima";"547,200";"BR-040/MG";"Crescente";"Colisão traseira";1;0;0;0;0;0;0;0;0;0;1;0;0;0;0
"02/05/2025";"11:06:36";"120";"Sem vítima";"556,940";"BR-040/MG";"Decrescente";"Colisão traseira";2;0;0;0;0;0;0;0;0;0;2;0;0;0;0
"02/05/2025";"13:15:20";"149";"Sem vítima";"617,000";"BR-040/MG";"Crescente";"Colisão traseira";1;0;0;0;0;0;0;0;0;0;1;0;0;0;0
"02/05/2025";"14:01:23";"152";"Com vítima";"567,700";"BR-040/MG";"Decrescente";"Colisão traseira";1;0;3;1;0;0;0;0;0;0;2;1;1;1;0
"02/05/2025";"18:11:15";"173";"Sem vítima";"574,800";"BR-040/MG";"Decrescente";"Choque";1;0;0;0;0;0;0;0;0;0;1;0;0;0;0
"02/05/2025";"20:46:22";"198";"Sem vítima";"647,100";"BR-040/MG";"Crescente";"Colisão traseira";1;0;1;0;0;0;0;0;0;0;2;0;0;0;0
"02/05/2025";"22:05:17";"202";"Sem vítima";"590,300";"BR-040/MG";"Decrescente";"Capotamento";1;0;0;0;0;0;0;0;0;0;1;0;0;0;0
"03/05/2025";"10:45:02";"125";"Sem vítima";"576,750";"BR-040/MG";"Crescente";"Colisão traseira";1;0;1;0;0;0;0;0;0;0;2;0;0;0;0
"03/05/2025";"16:03:01";"187";"Com vítima";"575,750";"BR-040/MG";"Crescente";"Acidentes de outra natureza";0;0;0;1;0;0;0;0;0;0;0;0;1;0;0
"04/05/2025";"15:31:44";"175";"Sem vítima";"704,100";"BR-040/MG";"Decrescente";"Acidentes de outra natureza";1;0;0;0;0;0;0;0;0;0;1;0;0;0;0
"04/05/2025";"17:09:35";"197";"Sem vítima";"544,000";"BR-040/MG";"Decrescente";"Colisão traseira";1;0;0;0;0;0;0;0;0;0;1;0;0;0;0
"04/05/2025";"18:32:06";"207";"Sem vítima";"547,500";"BR-040/MG";"Decrescente";"Colisão traseira";1;0;0;1;0;0;0;0;0;0;2;0;0;0;0
"05/05/2025";"13:11:33";"168";"Com vítima";"771,300";"BR-040/MG";"Crescente";"Colisão traseira";1;0;0;1;0;0;0;0;0;0;1;0;2;0;0
"05/05/2025";"13:33:00";"170";"Com vítima";"695,140";"BR-040/MG";"Decrescente";"Colisão traseira";2;0;0;0;0;0;0;0;0;0;1;1;0;0;0
"06/05/2025";"06:41:10";"61";"Com vítima";"607,620";"BR-040/MG";"Decrescente";"Colisão traseira";2;0;0;0;0;0;0;0;0;0;1;1;0;0;0
"06/05/2025";"08:31:38";"91";"Sem vítima";"640,800";"BR-040/MG";"Crescente";"Acidentes de outra natureza";1;0;0;0;0;1;0;0;0;0;1;0;0;0;0
"06/05/2025";"09:15:35";"101";"Sem vítima";"545,100";"BR-040/MG";"Crescente";"Colisão traseira";1;0;0;0;0;0;0;0;0;0;1;0;0;0;0
"06/05/2025";"16:17:51";"164";"Com vítima";"609,870";"BR-040/MG";"Crescente";"Acidentes de outra natureza";1;0;0;0;0;0;0;0;0;0;0;0;0;0;0
"06/05/2025";"21:32:27";"226";"Sem vítima";"569,440";"BR-040/MG";"Decrescente";"Atropelamento de animal";1;0;0;0;0;0;0;0;0;0;1;0;0;0;0
"07/05/2025";"07:19:38";"103";"Sem vítima";"621,570";"BR-040/MG";"Crescente";"Colisão traseira";2;0;0;0;0;0;0;0;0;0;2;0;0;0;0
"07/05/2025";"16:54:35";"223";"Sem vítima";"620,720";"BR-040/MG";"Decrescente";"Choque";1;0;0;0;0;0;0;0;0;0;1;0;0;0;0
"07/05/2025";"18:12:03";"230";"Com vítima";"631,658";"BR-040/MG";"Crescente";"Colisão traseira";1;0;0;1;0;0;0;0;0;0;0;1;0;1;0
"07/05/2025";"23:18:57";"271";"Sem vítima";"632,260";"BR-040/MG";"Crescente";"Capotamento";1;0;0;0;0;0;0;0;0;0;1;0;0;0;0
"08/05/2025";"02:34:42";"24";"Com vítima";"587,950";"BR-040/MG";"Crescente";"Colisão traseira";0;0;2;0;0;0;0;0;0;0;1;0;1;0;0
"08/05/2025";"02:37:47";"25";"Sem vítima";"601,000";"BR-040/MG";"Decrescente";"Colisão traseira";0;0;2;0;0;0;0;0;0;0;2;0;0;0;0
"08/05/2025";"07:42:16";"77";"Com vítima";"735,410";"BR-040/MG";"Decrescente";"Colisão traseira";2;0;0;0;0;0;0;0;0;0;0;2;0;0;0
"08/05/2025";"11:19:23";"127";"Sem vítima";"562,600";"BR-040/MG";"Crescente";"Tombamento";1;0;0;0;0;0;0;0;0;0;1;0;0;0;0
"09/05/2025";"07:12:20";"89";"Sem vítima";"738,600";"BR-040/MG";"Crescente";"Tombamento";0;0;1;0;0;0;0;0;0;0;1;0;0;0;0
"09/05/2025";"07:54:20";"111";"Com vítima";"710,340";"BR-040/MG";"Crescente";"Colisão traseira";2;0;0;0;0;0;0;0;0;0;1;1;0;0;0
"09/05/2025";"16:34:02";"192";"Sem vítima";"552,300";"BR-040/MG";"Decrescente";"Colisão traseira";5;0;0;0;0;0;0;0;0;0;4;0;0;0;0
"09/05/2025";"18:06:37";"207";"Sem vítima";"546,290";"BR-040/MG";"Decrescente";"Colisão traseira";2;0;0;1;0;0;0;0;0;0;1;0;0;0;0
"09/05/2025";"18:15:30";"208";"Com vítima";"600,000";"BR-040/MG";"Crescente";"Atropelamento de pedestre";1;0;0;0;0;0;0;0;0;0;1;0;1;0;0
"10/05/2025";"02:31:06";"17";"Sem vítima";"751,100";"BR-040/MG";"Decrescente";"Atropelamento de animal";1;0;0;0;0;0;0;0;0;0;1;0;0;0;0
"10/05/2025";"08:23:11";"87";"Sem vítima";"602,760";"BR-040/MG";"Decrescente";"Colisão traseira";1;0;1;0;0;0;0;0;0;0;2;0;0;0;0
"10/05/2025";"11:36:57";"121";"Sem vítima";"615,100";"BR-040/MG";"Crescente";"Colisão traseira";1;0;1;0;0;0;0;0;0;0;2;0;0;0;0
"10/05/2025";"12:12:50";"125";"Sem vítima";"615,240";"BR-040/MG";"Crescente";"Colisão traseira";1;0;0;0;0;0;0;0;0;0;1;0;0;0;0
"10/05/2025";"13:21:24";"131";"Sem vítima";"555,940";"BR-040/MG";"Decrescente";"Choque";1;0;0;0;0;0;0;0;0;0;1;0;0;0;0
"11/05/2025";"08:39:50";"109";"Com vítima";"629,200";"BR-040/MG";"Crescente";"Colisão traseira";2;0;0;0;0;0;0;0;0;0;1;0;4;0;0
"11/05/2025";"18:33:01";"209";"Com vítima";"545,000";"BR-040/MG";"Crescente";"Colisão traseira";0;0;0;1;1;0;0;0;0;0;1;0;1;0;0
"11/05/2025";"21:12:57";"225";"Sem vítima";"668,200";"BR-040/MG";"Decrescente";"Colisão traseira";2;0;0;0;0;0;0;0;0;0;5;0;0;0;0
"12/05/2025";"05:04:27";"54";"Sem vítima";"725,560";"BR-040/MG";"Crescente";"Choque";1;0;0;0;0;0;0;0;0;0;1;0;0;0;0
"12/05/2025";"10:46:12";"187";"Sem vítima";"663,150";"BR-040/MG";"Crescente";"Choque";1;0;0;0;0;0;0;0;0;0;1;0;0;0;0
"12/05/2025";"17:08:34";"243";"Com vítima";"748,100";"BR-040/MG";"Decrescente";"Atropelamento de pedestre";0;0;0;1;0;0;0;0;0;0;0;0;1;0;0
"12/05/2025";"17:20:20";"245";"Com vítima";"548,200";"BR-040/MG";"Crescente";"Colisão traseira";0;0;1;1;0;0;0;0;0;0;1;0;0;1;0
"12/05/2025";"18:31:27";"254";"Com vítima";"640,380";"BR-040/MG";"Decrescente";"Colisão traseira";1;0;1;0;0;0;0;0;0;0;2;1;0;0;0
"13/05/2025";"04:22:03";"59";"Sem vítima";"758,100";"BR-040/MG";"Crescente";"Colisão traseira";2;0;0;0;0;0;0;0;0;0;2;0;0;0;0
"13/05/2025";"08:49:56";"159";"Com vítima";"545,450";"BR-040/MG";"Decrescente";"Colisão traseira";1;0;0;1;0;0;0;0;0;0;1;1;0;0;0
"13/05/2025";"09:08:52";"165";"Sem vítima";"747,600";"BR-040/MG";"Decrescente";"Colisão traseira";1;0;0;1;0;0;0;0;0;0;2;0;0;0;0
"13/05/2025";"09:32:58";"167";"Sem vítima";"545,450";"BR-040/MG";"Decrescente";"Colisão traseira";2;0;0;0;0;0;0;0;0;0;1;0;0;0;0
"13/05/2025";"11:42:17";"191";"Sem vítima";"606,100";"BR-040/MG";"Crescente";"Colisão traseira";1;0;0;0;0;0;0;0;0;0;1;0;0;0;0
"13/05/2025";"13:03:47";"212";"Sem vítima";"723,373";"BR-040/MG";"Decrescente";"Capotamento";1;0;0;0;0;0;0;0;0;0;1;0;0;0;0
"13/05/2025";"15:20:51";"230";"Sem vítima";"730,900";"BR-040/MG";"Decrescente";"Choque";1;0;0;0;0;0;0;0;0;0;1;0;0;0;0
"14/05/2025";"09:15:42";"155";"Sem vítima";"566,400";"BR-040/MG";"Crescente";"Colisão traseira";1;0;1;0;0;0;0;0;0;0;1;0;0;0;0
"14/05/2025";"11:24:09";"176";"Sem vítima";"649,150";"BR-040/MG";"Decrescente";"Capotamento";1;0;0;0;0;0;0;0;0;0;1;0;0;0;0
"14/05/2025";"15:22:24";"205";"Com vítima";"690,900";"BR-040/MG";"Crescente";"Colisão traseira";1;0;1;0;0;0;0;0;0;0;1;0;0;0;1
"14/05/2025";"19:49:12";"243";"Com vítima";"545,470";"BR-040/MG";"Decrescente";"Colisão traseira";1;0;0;1;0;0;0;0;0;0;0;1;0;0;0
"15/05/2025";"04:59:50";"66";"Sem vítima";"717,700";"BR-040/MG";"Decrescente";"Choque";1;0;0;0;0;0;0;0;0;0;1;0;0;0;0
"15/05/2025";"05:55:28";"77";"Sem vítima";"730,300";"BR-040/MG";"Crescente";"Choque";1;0;0;0;0;0;0;0;0;0;1;0;0;0;0
"15/05/2025";"15:45:27";"207";"Sem vítima";"646,900";"BR-040/MG";"Crescente";"Choque";1;0;0;0;0;0;0;0;0;0;1;0;0;0;0
"16/05/2025";"08:57:04";"156";"Sem vítima";"754,900";"BR-040/MG";"Decrescente";"Choque";1;0;0;0;0;0;0;0;0;0;1;0;0;0;0
"16/05/2025";"09:55:56";"166";"Com vítima";"751,150";"BR-040/MG";"Crescente";"Choque";0;0;1;0;0;0;0;0;0;0;1;1;0;0;0
"16/05/2025";"11:43:48";"184";"Com vítima";"544,800";"BR-040/MG";"Crescente";"Colisão traseira";2;0;0;1;0;0;0;0;0;0;2;0;0;1;0
"16/05/2025";"18:10:10";"239";"Sem vítima";"618,620";"BR-040/MG";"Decrescente";"Colisão traseira";1;0;0;0;0;0;0;0;0;0;1;0;0;0;0
"16/05/2025";"19:18:45";"247";"Com vítima";"618,800";"BR-040/MG";"Crescente";"Colisão traseira";2;0;0;0;0;0;0;0;0;0;0;0;1;0;0
"16/05/2025";"22:03:02";"272";"Sem vítima";"547,300";"BR-040/MG";"Crescente";"Colisão traseira";1;0;1;0;0;0;0;0;0;0;1;0;0;0;0
"17/05/2025";"03:53:40";"36";"Sem vítima";"654,000";"BR-040/MG";"Crescente";"Choque";0;0;1;0;0;0;0;0;0;0;1;0;0;0;0
"17/05/2025";"04:46:38";"43";"Sem vítima";"722,840";"BR-040/MG";"Crescente";"Choque";1;0;0;0;0;0;0;0;0;0;1;0;0;0;0
"17/05/2025";"09:21:20";"130";"Com vítima";"631,200";"BR-040/MG";"Crescente";"Colisão traseira";2;0;0;0;0;0;0;0;0;0;2;1;0;0;0
"17/05/2025";"09:46:46";"139";"Sem vítima";"589,150";"BR-040/MG";"Crescente";"Saída de pista";1;0;0;0;0;0;0;0;0;0;1;0;0;0;0
"17/05/2025";"11:58:56";"149";"Com vítima";"665,500";"BR-040/MG";"Crescente";"Atropelamento de pedestre";1;0;0;0;0;0;0;0;0;0;1;1;0;0;0
"18/05/2025";"03:21:21";"28";"Com vítima";"725,000";"BR-040/MG";"Crescente";"Saída de pista";0;0;0;1;0;0;0;0;0;0;0;0;1;1;0
"18/05/2025";"16:20:33";"143";"Sem vítima";"587,950";"BR-040/MG";"Crescente";"Choque";1;0;0;0;0;0;0;0;0;0;1;0;0;0;0
"18/05/2025";"18:46:27";"191";"Sem vítima";"548,000";"BR-040/MG";"Decrescente";"Saída de pista";0;0;0;1;0;0;0;0;0;0;1;0;0;0;0
"18/05/2025";"20:40:14";"203";"Com vítima";"631,200";"BR-040/MG";"Decrescente";"Colisão traseira";1;0;0;1;0;0;0;0;0;0;1;1;0;0;0
"19/05/2025";"06:51:45";"94";"Com vítima";"657,100";"BR-040/MG";"Decrescente";"Tombamento";0;0;0;1;0;0;0;0;0;0;0;1;0;0;0
"19/05/2025";"11:50:11";"168";"Sem vítima";"646,880";"BR-040/MG";"Decrescente";"Tombamento";0;0;0;1;0;0;0;0;0;0;1;0;0;0;0
"19/05/2025";"13:34:23";"177";"Sem vítima";"665,100";"BR-040/MG";"Decrescente";"Colisão traseira";2;0;0;0;0;0;0;0;0;0;2;0;0;0;0
"19/05/2025";"14:01:49";"181";"Sem vítima";"596,100";"BR-040/MG";"Decrescente";"Colisão traseira";1;0;1;0;0;0;0;0;0;0;2;0;0;0;0
"19/05/2025";"16:53:43";"210";"Sem vítima";"759,000";"BR-040/MG";"Crescente";"Choque";1;0;0;0;0;0;0;0;0;0;1;0;0;0;0
"19/05/2025";"16:55:31";"212";"Sem vítima";"568,840";"BR-040/MG";"Crescente";"Colisão traseira";2;0;0;0;0;0;0;0;0;0;2;0;0;0;0
"19/05/2025";"19:14:39";"224";"Sem vítima";"688,600";"BR-040/MG";"Crescente";"Colisão traseira";1;0;1;0;0;0;0;0;0;0;2;0;0;0;0
"20/05/2025";"06:46:24";"64";"Com vítima";"701,800";"BR-040/MG";"Decrescente";"Colisão traseira";0;0;3;0;1;0;0;0;0;0;3;0;2;0;0
"20/05/2025";"07:17:17";"99";"Com vítima";"701,830";"BR-040/MG";"Decrescente";"Atropelamento de pedestre";0;0;1;0;0;0;0;0;0;0;1;0;0;0;0
"20/05/2025";"11:16:13";"142";"Sem vítima";"565,929";"BR-040/MG";"Crescente";"Colisão traseira";1;0;2;0;0;0;0;0;0;0;3;0;0;0;0
"20/05/2025";"17:32:40";"203";"Com vítima";"545,100";"BR-040/MG";"Decrescente";"Colisão traseira";1;0;0;1;0;0;0;0;0;0;1;0;1;0;0
"20/05/2025";"20:58:20";"256";"Sem vítima";"645,900";"BR-040/MG";"Crescente";"Colisão traseira";1;0;1;0;0;0;0;0;0;0;2;0;0;0;0
"20/05/2025";"22:01:00";"263";"Com vítima";"627,980";"BR-040/MG";"Decrescente";"Atropelamento de pedestre";0;0;1;0;0;0;0;0;0;0;1;0;0;0;1
"21/05/2025";"05:10:35";"52";"Sem vítima";"567,000";"BR-040/MG";"Crescente";"Choque";1;0;0;0;0;0;0;0;0;0;1;0;0;0;0
"21/05/2025";"06:55:31";"72";"Sem vítima";"608,200";"BR-040/MG";"Decrescente";"Colisão traseira";1;0;1;0;0;0;0;0;0;0;2;0;0;0;0
"21/05/2025";"17:43:22";"220";"Com vítima";"771,932";"BR-040/MG";"Crescente";"Colisão traseira";0;0;0;2;0;0;0;0;0;0;0;2;1;0;0
"21/05/2025";"18:02:07";"225";"Sem vítima";"572,400";"BR-040/MG";"Crescente";"Choque";1;0;0;0;0;0;0;0;0;0;1;0;0;0;0
"22/05/2025";"07:41:29";"134";"Com vítima";"731,150";"BR-040/MG";"Decrescente";"Colisão traseira";2;0;0;0;0;0;0;0;0;0;1;1;0;0;0
"22/05/2025";"10:49:29";"186";"Sem vítima";"603,700";"BR-040/MG";"Crescente";"Tombamento";0;0;1;0;0;0;0;0;0;0;1;0;0;0;0
"22/05/2025";"10:53:50";"187";"Com vítima";"721,800";"BR-040/MG";"Decrescente";"Tombamento";1;0;0;0;0;0;0;0;0;0;1;0;1;0;0
"22/05/2025";"16:54:31";"245";"Sem vítima";"548,100";"BR-040/MG";"Crescente";"Colisão traseira";2;0;0;0;0;0;0;0;0;0;2;0;0;0;0
"22/05/2025";"17:49:49";"260";"Sem vítima";"614,500";"BR-040/MG";"Decrescente";"Colisão traseira";2;0;0;0;0;0;0;0;0;0;1;0;0;0;0
"23/05/2025";"09:49:21";"149";"Sem vítima";"637,100";"BR-040/MG";"Decrescente";"Choque";1;0;0;0;0;0;0;0;0;0;1;0;0;0;0
"23/05/2025";"11:12:52";"164";"Com vítima";"613,700";"BR-040/MG";"Decrescente";"Colisão traseira";1;0;1;0;0;0;0;0;0;0;0;0;1;0;0
"23/05/2025";"18:08:31";"242";"Com vítima";"551,790";"BR-040/MG";"Decrescente";"Saída de pista";0;0;0;1;0;0;0;0;0;0;0;1;0;0;0
"23/05/2025";"19:37:06";"256";"Sem vítima";"675,000";"BR-040/MG";"Decrescente";"Capotamento";1;0;0;0;0;0;0;0;0;0;1;0;0;0;0
"23/05/2025";"23:46:50";"319";"Sem vítima";"762,300";"BR-040/MG";"Crescente";"Choque";1;0;0;0;0;0;0;0;0;0;1;0;0;0;0
"24/05/2025";"00:11:55";"1";"Sem vítima";"762,300";"BR-040/MG";"Crescente";"Choque";1;0;0;0;0;0;0;0;0;0;1;0;0;0;0
"24/05/2025";"05:54:32";"63";"Sem vítima";"584,600";"BR-040/MG";"Crescente";"Tombamento";1;0;0;0;0;0;0;0;0;0;1;0;0;0;0
"24/05/2025";"07:13:06";"76";"Com vítima";"658,100";"BR-040/MG";"Crescente";"Colisão traseira";1;0;0;0;1;0;0;0;0;0;1;0;2;0;2
"24/05/2025";"10:30:01";"109";"Com vítima";"622,200";"BR-040/MG";"Decrescente";"Atropelamento de pedestre";0;0;1;0;0;0;0;0;0;0;1;0;1;0;0
"24/05/2025";"19:59:12";"222";"Sem vítima";"706,700";"BR-040/MG";"Crescente";"Capotamento";1;0;0;0;0;0;0;0;0;0;1;0;0;0;0
"25/05/2025";"05:57:57";"87";"Sem vítima";"573,100";"BR-040/MG";"Crescente";"Capotamento";1;0;0;0;0;0;0;0;0;0;1;0;0;0;0
"25/05/2025";"06:15:28";"88";"Sem vítima";"543,909";"BR-040/MG";"Decrescente";"Choque";1;0;0;0;0;0;0;0;0;0;1;0;0;0;0
"25/05/2025";"07:06:27";"94";"Sem vítima";"546,740";"BR-040/MG";"Crescente";"Choque";1;0;0;0;0;0;0;0;0;0;1;0;0;0;0
"25/05/2025";"07:25:12";"95";"Sem vítima";"543,900";"BR-040/MG";"Decrescente";"Colisão traseira";3;0;0;0;0;0;0;0;0;0;3;0;0;0;0
"25/05/2025";"16:49:11";"210";"Sem vítima";"565,200";"BR-040/MG";"Decrescente";"Colisão traseira";2;0;0;0;0;0;0;0;0;0;2;0;0;0;0
"25/05/2025";"17:30:49";"213";"Sem vítima";"565,929";"BR-040/MG";"Decrescente";"Colisão traseira";2;0;0;0;0;0;0;0;0;0;3;0;0;0;0
"25/05/2025";"17:45:18";"214";"Com vítima";"648,200";"BR-040/MG";"Decrescente";"Capotamento";1;0;0;0;0;0;0;0;0;0;0;3;0;0;0
"26/05/2025";"09:37:27";"149";"Sem vítima";"544,900";"BR-040/MG";"Decrescente";"Colisão traseira";3;0;0;0;0;0;0;0;0;0;3;0;0;0;0
"26/05/2025";"11:42:31";"170";"Com vítima";"646,800";"BR-040/MG";"Decrescente";"Colisão traseira";2;0;0;0;0;0;0;0;0;0;1;1;0;0;0
"26/05/2025";"15:11:12";"197";"Sem vítima";"693,100";"BR-040/MG";"Decrescente";"Colisão traseira";1;0;1;0;0;0;0;0;0;0;2;0;0;0;0
"26/05/2025";"17:51:22";"222";"Com vítima";"686,200";"BR-040/MG";"Crescente";"Colisão traseira";2;0;1;0;0;0;0;0;0;1;2;0;1;0;0
"26/05/2025";"18:36:23";"226";"Com vítima";"686,477";"BR-040/MG";"Decrescente";"Colisão traseira";2;0;0;0;0;0;0;0;0;0;2;1;0;0;0
"27/05/2025";"07:29:00";"113";"Sem vítima";"543,960";"BR-040/MG";"Decrescente";"Colisão traseira";1;0;0;1;0;0;0;0;0;0;2;0;0;0;0
"27/05/2025";"08:47:42";"132";"Sem vítima";"770,500";"BR-040/MG";"Crescente";"Choque";1;0;0;0;0;0;0;0;0;0;1;0;0;0;0
"27/05/2025";"11:25:36";"163";"Sem vítima";"610,940";"BR-040/MG";"Crescente";"Colisão traseira";1;0;1;0;0;0;0;0;0;0;2;0;0;0;0
"27/05/2025";"17:58:54";"231";"Sem vítima";"589,100";"BR-040/MG";"Decrescente";"Choque";1;0;0;0;0;0;0;0;0;0;1;0;0;0;0
"27/05/2025";"18:17:37";"233";"Sem vítima";"626,500";"BR-040/MG";"Crescente";"Colisão traseira";1;0;0;1;0;0;0;0;0;0;2;0;0;0;0
"28/05/2025";"05:37:06";"56";"Sem vítima";"558,100";"BR-040/MG";"Crescente";"Colisão traseira";2;0;0;0;0;0;0;0;0;1;2;0;0;0;0
"28/05/2025";"07:03:19";"79";"Com vítima";"549,500";"BR-040/MG";"Crescente";"Colisão traseira";1;0;0;1;0;0;0;0;0;0;1;2;0;0;0
"28/05/2025";"18:16:38";"220";"Sem vítima";"544,400";"BR-040/MG";"Decrescente";"Colisão traseira";2;0;0;0;1;0;0;0;0;0;3;0;0;0;0
"29/05/2025";"07:22:02";"93";"Com vítima";"610,000";"BR-040/MG";"Crescente";"Colisão traseira";2;0;0;0;0;0;0;0;0;0;1;0;2;0;0
"29/05/2025";"21:21:55";"272";"Sem vítima";"664,140";"BR-040/MG";"Crescente";"Colisão traseira";2;0;0;0;0;0;0;0;0;0;2;0;0;0;0
"30/05/2025";"02:58:30";"40";"Com vítima";"644,884";"BR-040/MG";"Decrescente";"Colisão traseira";1;0;0;1;0;0;0;0;0;0;0;0;0;1;0
"30/05/2025";"09:32:01";"129";"Sem vítima";"604,809";"BR-040/MG";"Crescente";"Colisão traseira";2;0;0;0;0;0;0;0;0;0;2;0;0;0;0
"30/05/2025";"10:24:54";"140";"Sem vítima";"552,000";"BR-040/MG";"Decrescente";"Colisão traseira";2;0;0;0;0;0;0;0;0;0;2;0;0;0;0
"30/05/2025";"10:53:48";"145";"Sem vítima";"552,790";"BR-040/MG";"Decrescente";"Colisão traseira";2;0;0;0;0;0;0;0;0;0;2;0;0;0;0
"30/05/2025";"14:32:55";"190";"Sem vítima";"603,000";"BR-040/MG";"Crescente";"Colisão traseira";1;0;1;0;0;0;0;0;0;0;2;0;0;0;0
"30/05/2025";"16:52:50";"219";"Sem vítima";"559,330";"BR-040/MG";"Decrescente";"Colisão traseira";3;0;0;0;0;0;0;0;0;0;2;0;0;0;0
"30/05/2025";"17:28:58";"229";"Sem vítima";"599,150";"BR-040/MG";"Crescente";"Colisão traseira";5;0;0;0;0;0;0;0;0;0;5;0;0;0;0
"30/05/2025";"21:33:25";"257";"Com vítima";"633,100";"BR-040/MG";"Decrescente";"Colisão traseira";1;0;0;0;1;0;0;0;0;0;1;1;0;0;0