data;horario;n_da_ocorrencia;tipo_de_ocorrencia;km;trecho;sentido;tipo_de_acidente;automovel;bicicleta;caminhao;moto;onibus;outros;tracao_animal;transporte_de_cargas_especiais;trator_maquinas;utilitarios;ilesos;levemente_feridos;moderadamente_feridos;gravemente_feridos;mortos
"07/10/2025";"17:54:47";"202";"Com vítima";"547,500";"BR-040/MG";"Decrescente";"Tombamento";0;0;0;1;0;0;0;0;0;0;0;1;0;0;0
"07/10/2025";"19:48:07";"222";"Sem vítima";"599,135";"BR-040/MG";"Decrescente";"Choque";1;0;0;0;0;0;0;0;0;0;1;0;0;0;0
"08/10/2025";"08:11:45";"178";"Sem vítima";"749,277";"BR-040/MG";"Decrescente";"Acidentes de outra natureza";1;0;0;0;0;0;0;0;0;0;1;0;0;0;0
"08/10/2025";"09:02:36";"207";"Sem vítima";"732,479";"BR-040/MG";"Crescente";"Tombamento";1;0;0;0;0;0;0;0;0;0;1;0;0;0;0
"08/10/2025";"12:03:08";"233";"Sem vítima";"699,100";"BR-040/MG";"Decrescente";"Colisão traseira";2;0;0;0;0;0;0;0;0;0;2;0;0;0;0
"08/10/2025";"15:59:06";"268";"Com vítima";"739,900";"BR-040/MG";"Decrescente";"Tombamento";0;0;1;0;0;0;0;0;0;0;0;1;0;0;0
"08/10/2025";"16:42:03";"273";"Com vítima";"550,000";"BR-040/MG";"Crescente";"Colisão traseira";0;0;1;1;0;0;0;0;0;0;1;1;0;0;0
"08/10/2025";"17:12:20";"278";"Sem vítima";"571,000";"BR-040/MG";"Decrescente";"Choque";2;0;0;0;0;0;0;0;0;0;2;0;0;0;0
"08/10/2025";"19:17:41";"286";"Com vítima";"548,445";"BR-040/MG";"Decrescente";"Colisão traseira";1;0;0;1;0;0;0;0;0;0;0;1;0;0;0
"09/10/2025";"04:38:19";"89";"Sem vítima";"699,643";"BR-040/MG";"Crescente";"Tombamento";1;0;0;0;0;0;0;0;0;0;1;0;0;0;0
"09/10/2025";"06:49:14";"114";"Sem vítima";"735,254";"BR-040/MG";"Crescente";"Choque";1;0;0;0;0;0;0;0;0;0;1;0;0;0;0
"09/10/2025";"19:53:52";"225";"Com vítima";"718,772";"BR-040/MG";"Crescente";"Atropelamento de pedestre";1;0;0;0;0;0;0;0;0;0;0;0;0;0;1
"09/10/2025";"22:44:31";"242";"Com vítima";"764,822";"BR-040/MG";"Crescente";"Choque";1;0;0;0;0;0;0;0;0;0;0;2;0;0;0
"10/10/2025";"00:08:26";"2";"Sem vítima";"732,567";"BR-040/MG";"Crescente";"Capotamento";1;0;0;0;0;0;0;0;0;0;1;0;0;0;0
"10/10/2025";"07:26:06";"127";"Com vítima";"653,867";"BR-040/MG";"Crescente";"Capotamento";1;0;0;0;0;0;0;0;0;0;0;0;1;0;0
"10/10/2025";"07:29:40";"128";"Com vítima";"749,480";"BR-040/MG";"Crescente";"Choque";1;0;0;0;0;0;0;0;0;0;0;0;1;0;0
"10/10/2025";"07:48:15";"134";"Sem vítima";"738,639";"BR-040/MG";"Crescente";"Choque";1;0;0;0;0;0;0;0;0;0;1;0;0;0;0
"10/10/2025";"08:26:37";"146";"Com vítima";"730,500";"BR-040/MG";"Crescente";"Colisão traseira";2;0;0;0;0;0;0;0;0;0;1;1;0;0;0
"10/10/2025";"13:09:29";"177";"Sem vítima";"609,870";"BR-040/MG";"Crescente";"Colisão traseira";1;0;1;0;0;0;0;0;0;0;2;0;0;0;0
"10/10/2025";"14:05:13";"182";"Com vítima";"749,491";"BR-040/MG";"Decrescente";"Colisão traseira";1;0;0;1;0;0;0;0;0;0;1;0;0;0;1
"10/10/2025";"14:21:01";"183";"Sem vítima";"615,469";"BR-040/MG";"Crescente";"Colisão traseira";1;0;2;0;0;0;0;0;0;0;3;0;0;0;0
"10/10/2025";"16:24:44";"187";"Sem vítima";"746,785";"BR-040/MG";"Decrescente";"Choque";1;0;0;0;0;0;0;0;0;0;1;0;0;0;0
"10/10/2025";"16:33:18";"188";"Sem vítima";"660,827";"BR-040/MG";"Crescente";"Capotamento";1;0;0;0;0;0;0;0;0;0;1;0;0;0;0
"10/10/2025";"16:59:57";"192";"Sem vítima";"718,155";"BR-040/MG";"Decrescente";"Choque";1;0;0;0;0;0;0;0;0;0;1;0;0;0;0
"10/10/2025";"17:03:38";"193";"Com vítima";"701,000";"BR-040/MG";"Decrescente";"Colisão traseira";1;0;0;1;0;0;0;0;0;0;1;1;0;0;0
"10/10/2025";"17:22:00";"196";"Sem vítima";"717,000";"BR-040/MG";"Decrescente";"Choque";1;0;0;0;0;0;0;0;0;0;1;0;0;0;0
"10/10/2025";"17:29:47";"199";"Com vítima";"549,150";"BR-040/MG";"Decrescente";"Colisão traseira";1;0;0;1;0;0;0;0;0;0;0;1;0;0;0
"10/10/2025";"17:45:17";"202";"Sem vítima";"727,029";"BR-040/MG";"Crescente";"Capotamento";1;0;0;0;0;0;0;0;0;0;1;0;0;0;0
"10/10/2025";"17:46:04";"203";"Sem vítima";"726,250";"BR-040/MG";"Crescente";"Choque";1;0;0;0;0;0;0;0;0;0;1;0;0;0;0
"10/10/2025";"18:58:06";"211";"Com vítima";"706,202";"BR-040/MG";"Crescente";"Atropelamento de pedestre";2;0;0;0;0;0;0;0;0;0;2;0;0;0;1
"10/10/2025";"19:31:21";"212";"Sem vítima";"547,861";"BR-040/MG";"Crescente";"Colisão traseira";2;0;0;0;0;0;0;0;0;0;2;0;0;0;0
"11/10/2025";"01:35:11";"10";"Sem vítima";"562,980";"BR-040/MG";"Decrescente";"Saída de pista";1;0;0;0;0;0;0;0;0;0;1;0;0;0;0
"11/10/2025";"02:47:43";"14";"Sem vítima";"754,350";"BR-040/MG";"Crescente";"Choque";1;0;0;0;0;0;0;0;0;0;1;0;0;0;0
"11/10/2025";"09:13:24";"89";"Com vítima";"552,000";"BR-040/MG";"Decrescente";"Capotamento";3;0;0;0;0;0;0;0;0;0;2;1;0;0;0
"11/10/2025";"09:41:19";"96";"Sem vítima";"553,000";"BR-040/MG";"Decrescente";"Colisão traseira";2;0;0;0;0;0;0;0;0;0;2;0;0;0;0
"11/10/2025";"13:24:00";"120";"Sem vítima";"544,200";"BR-040/MG";"Crescente";"Colisão traseira";1;0;0;1;0;0;0;0;0;0;2;0;0;0;0
"11/10/2025";"15:26:25";"133";"Com vítima";"746,200";"BR-040/MG";"Crescente";"Capotamento";1;0;0;0;0;0;0;0;0;0;0;1;0;0;0
"11/10/2025";"21:39:28";"192";"Sem vítima";"548,000";"BR-040/MG";"Decrescente";"Colisão traseira";2;0;0;0;0;0;0;0;0;0;5;0;0;0;0
"12/10/2025";"12:54:13";"174";"Com vítima";"602,196";"BR-040/MG";"Decrescente";"Colisão traseira";3;0;0;0;0;0;0;0;0;0;2;4;0;0;0
"12/10/2025";"13:16:40";"178";"Sem vítima";"593,800";"BR-040/MG";"Crescente";"Colisão traseira";1;0;0;0;0;0;0;0;0;0;1;0;0;0;0
"12/10/2025";"17:23:38";"212";"Sem vítima";"719,000";"BR-040/MG";"Decrescente";"Capotamento";1;0;0;0;0;0;0;0;0;0;0;0;0;0;0
"12/10/2025";"19:59:30";"233";"Sem vítima";"555,380";"BR-040/MG";"Decrescente";"Colisão traseira";3;0;0;0;0;0;0;0;0;0;2;0;0;0;0
"12/10/2025";"20:04:26";"234";"Sem vítima";"633,702";"BR-040/MG";"Crescente";"Colisão traseira";2;0;0;0;0;0;0;0;0;0;1;0;0;0;0
"13/10/2025";"04:34:27";"106";"Sem vítima";"605,650";"BR-040/MG";"Decrescente";"Colisão traseira";0;0;2;0;0;0;0;0;0;0;2;0;0;0;0
"13/10/2025";"05:04:06";"107";"Sem vítima";"729,000";"BR-040/MG";"Crescente";"Choque";1;0;0;0;0;0;0;0;0;0;1;0;0;0;0
"13/10/2025";"06:27:04";"116";"Sem vítima";"749,500";"BR-040/MG";"Decrescente";"Choque";1;0;0;0;0;0;0;0;0;0;1;0;0;0;0
"13/10/2025";"07:14:16";"124";"Sem vítima";"717,813";"BR-040/MG";"Crescente";"Capotamento";1;0;0;0;0;0;0;0;0;0;1;0;0;0;0
"13/10/2025";"07:19:36";"125";"Sem vítima";"746,785";"BR-040/MG";"Crescente";"Choque";1;0;0;0;0;0;0;0;0;0;1;0;0;0;0
"13/10/2025";"07:28:02";"128";"Sem vítima";"730,444";"BR-040/MG";"Crescente";"Colisão traseira";1;0;1;0;0;0;0;0;0;0;2;0;0;0;0
"13/10/2025";"10:14:14";"150";"Sem vítima";"717,800";"BR-040/MG";"Decrescente";"Choque";1;0;0;0;0;0;0;0;0;0;1;0;0;0;0
"14/10/2025";"10:34:35";"112";"Com vítima";"748,100";"BR-040/MG";"Crescente";"Tombamento";0;0;0;1;0;0;0;0;0;0;0;1;0;0;0
"14/10/2025";"13:25:57";"129";"Com vítima";"549,206";"BR-040/MG";"Crescente";"Choque";3;0;0;0;0;0;0;0;0;0;2;0;1;0;0
"15/10/2025";"10:49:05";"122";"Com vítima";"610,500";"BR-040/MG";"Crescente";"Saída de pista";0;0;0;1;0;0;0;0;0;0;0;1;0;0;0
"15/10/2025";"13:25:14";"142";"Sem vítima";"688,190";"BR-040/MG";"Decrescente";"Colisão traseira";1;0;1;0;0;0;0;0;0;0;2;0;0;0;0
"16/10/2025";"12:16:59";"186";"Sem vítima";"711,800";"BR-040/MG";"Decrescente";"Colisão traseira";1;0;1;0;0;0;0;0;0;0;2;0;0;0;0
"16/10/2025";"17:10:02";"262";"Sem vítima";"606,000";"BR-040/MG";"Crescente";"Colisão traseira";2;0;0;0;0;0;0;0;0;0;2;0;0;0;0
"17/10/2025";"07:13:10";"58";"Sem vítima";"634,500";"BR-040/MG";"Crescente";"Colisão traseira";1;0;1;0;0;0;0;0;0;0;2;0;0;0;0
"17/10/2025";"09:06:48";"87";"Sem vítima";"632,500";"BR-040/MG";"Crescente";"Colisão traseira";3;0;0;0;0;0;0;0;0;0;3;0;0;0;0
"17/10/2025";"14:25:34";"130";"Sem vítima";"579,150";"BR-040/MG";"Decrescente";"Choque";3;0;1;0;0;0;0;0;0;0;4;0;0;0;0
"17/10/2025";"14:30:30";"132";"Sem vítima";"603,150";"BR-040/MG";"Crescente";"Colisão traseira";3;0;1;0;0;0;0;0;0;0;3;0;0;0;0
"17/10/2025";"19:21:31";"169";"Com vítima";"633,429";"BR-040/MG";"Crescente";"Colisão traseira";2;0;0;0;0;0;0;0;0;0;1;1;0;0;0
"17/10/2025";"21:14:37";"181";"Sem vítima";"720,000";"BR-040/MG";"Crescente";"Colisão traseira";2;0;0;0;0;0;0;0;0;0;2;0;0;0;0
"17/10/2025";"22:07:46";"187";"Sem vítima";"746,500";"BR-040/MG";"Crescente";"Capotamento";1;0;0;0;0;0;0;0;0;0;1;0;0;0;0
"17/10/2025";"23:39:21";"193";"Sem vítima";"730,622";"BR-040/MG";"Decrescente";"Choque";1;0;0;0;0;0;0;0;0;0;1;0;0;0;0
"17/10/2025";"23:48:03";"194";"Sem vítima";"606,613";"BR-040/MG";"Decrescente";"Colisão traseira";1;0;1;0;0;0;0;0;0;0;2;0;0;0;0
"18/10/2025";"12:33:21";"93";"Com vítima";"629,159";"BR-040/MG";"Decrescente";"Choque";0;0;0;1;0;0;0;0;0;0;0;0;1;0;0
"18/10/2025";"13:50:47";"103";"Com vítima";"555,000";"BR-040/MG";"Decrescente";"Colisão traseira";2;0;0;0;0;0;0;0;0;0;1;0;1;0;0
"18/10/2025";"22:10:13";"207";"Sem vítima";"733,200";"BR-040/MG";"Decrescente";"Choque";1;0;0;0;0;0;0;0;0;0;1;0;0;0;0
"18/10/2025";"23:05:57";"212";"Sem vítima";"768,595";"BR-040/MG";"Decrescente";"Colisão traseira";2;0;0;0;0;0;0;0;0;0;2;0;0;0;0
"18/10/2025";"23:30:45";"214";"Sem vítima";"580,200";"BR-040/MG";"Crescente";"Choque";2;0;0;0;0;0;0;0;0;0;2;0;0;0;0
"19/10/2025";"14:40:18";"109";"Com vítima";"630,511";"BR-040/MG";"Crescente";"Colisão traseira";0;0;0;1;1;0;0;0;0;0;1;0;2;0;0
"19/10/2025";"19:33:13";"141";"Sem vítima";"678,264";"BR-040/MG";"Decrescente";"Tombamento";0;0;1;0;0;0;0;0;0;0;1;0;0;0;0
"19/10/2025";"19:56:29";"142";"Com vítima";"678,280";"BR-040/MG";"Crescente";"Colisão traseira";3;0;0;0;1;0;0;0;0;0;3;1;0;0;1
"20/10/2025";"08:51:37";"83";"Com vítima";"576,500";"BR-040/MG";"Decrescente";"Acidentes de outra natureza";1;0;1;0;0;0;0;0;0;0;1;1;0;0;0
"20/10/2025";"12:36:27";"126";"Sem vítima";"670,450";"BR-040/MG";"Decrescente";"Colisão traseira";1;0;1;0;0;0;0;0;0;0;2;0;0;0;0
"20/10/2025";"13:20:49";"133";"Sem vítima";"588,600";"BR-040/MG";"Decrescente";"Acidentes de outra natureza";1;0;0;0;0;0;0;0;0;0;1;0;0;0;0
"21/10/2025";"07:14:20";"91";"Sem vítima";"699,255";"BR-040/MG";"Decrescente";"Colisão traseira";2;0;0;0;0;0;0;0;0;0;2;0;0;0;0
"21/10/2025";"16:08:14";"184";"Com vítima";"546,250";"BR-040/MG";"Decrescente";"Tombamento";0;0;0;1;0;0;0;0;0;0;0;2;0;0;0
"21/10/2025";"22:24:27";"219";"Sem vítima";"564,343";"BR-040/MG";"Decrescente";"Tombamento";0;0;1;0;0;0;0;0;0;0;1;0;0;0;0
"22/10/2025";"06:54:59";"70";"Com vítima";"631,429";"BR-040/MG";"Decrescente";"Colisão traseira";1;0;0;1;0;0;0;0;0;0;2;2;0;0;0
"22/10/2025";"11:20:16";"115";"Sem vítima";"697,181";"BR-040/MG";"Crescente";"Tombamento";0;0;1;0;0;0;0;0;0;0;1;0;0;0;0
"22/10/2025";"19:16:57";"173";"Com vítima";"668,138";"BR-040/MG";"Decrescente";"Atropelamento de pedestre";1;0;0;0;0;0;0;0;0;0;1;1;0;0;0
"22/10/2025";"19:31:26";"177";"Sem vítima";"704,030";"BR-040/MG";"Decrescente";"Atropelamento de animal";0;0;1;0;0;0;0;0;0;0;1;0;0;0;0
"23/10/2025";"08:02:38";"146";"Sem vítima";"556,128";"BR-040/MG";"Decrescente";"Colisão traseira";2;0;0;0;0;0;0;0;0;0;2;0;0;0;0
"23/10/2025";"08:45:14";"151";"Com vítima";"749,450";"BR-040/MG";"Crescente";"Tombamento";0;0;1;0;0;0;0;0;0;0;0;0;2;0;0
"23/10/2025";"09:03:07";"157";"Sem vítima";"622,979";"BR-040/MG";"Decrescente";"Colisão traseira";1;0;1;1;0;0;0;0;0;0;3;0;0;0;0
"23/10/2025";"10:55:24";"172";"Sem vítima";"558,581";"BR-040/MG";"Crescente";"Choque";2;0;0;0;0;0;0;0;0;0;2;0;0;0;0
"23/10/2025";"19:30:10";"226";"Com vítima";"640,000";"BR-040/MG";"Crescente";"Saída de pista";0;0;0;1;0;0;0;0;0;0;0;0;1;0;0
"23/10/2025";"22:17:18";"246";"Sem vítima";"705,941";"BR-040/MG";"Decrescente";"Capotamento";3;0;0;0;0;0;0;0;0;0;3;0;0;0;0
"23/10/2025";"22:44:10";"248";"Sem vítima";"682,862";"BR-040/MG";"Decrescente";"Colisão traseira";2;0;0;0;0;0;0;0;0;0;2;0;0;0;0
"24/10/2025";"00:42:31";"4";"Com vítima";"661,388";"BR-040/MG";"Crescente";"Colisão traseira";1;0;1;0;0;0;0;0;0;0;0;1;1;1;0
"24/10/2025";"05:59:39";"50";"Sem vítima";"749,050";"BR-040/MG";"Decrescente";"Acidentes de outra natureza";1;0;0;0;0;0;0;0;0;0;1;0;0;0;0
"24/10/2025";"07:15:08";"69";"Sem vítima";"655,212";"BR-040/MG";"Crescente";"Choque";1;0;0;0;0;0;0;0;0;0;1;0;0;0;0
"24/10/2025";"11:26:08";"120";"Com vítima";"695,200";"BR-040/MG";"Crescente";"Colisão traseira";2;0;0;0;0;0;0;0;0;0;2;1;0;0;0
"24/10/2025";"14:06:56";"146";"Com vítima";"637,230";"BR-040/MG";"Crescente";"Colisão traseira";2;0;0;0;0;0;0;0;0;0;4;2;0;0;0
"24/10/2025";"15:16:13";"156";"Com vítima";"545,433";"BR-040/MG";"Crescente";"Choque";0;0;0;1;0;0;0;0;0;0;1;0;1;0;0
"24/10/2025";"16:06:51";"161";"Com vítima";"747,100";"BR-040/MG";"Decrescente";"Tombamento";0;0;0;1;0;0;0;0;0;0;0;1;0;0;0
"24/10/2025";"17:07:45";"166";"Sem vítima";"615,000";"BR-040/MG";"Decrescente";"Colisão traseira";1;0;1;0;0;0;0;0;0;0;2;0;0;0;0
"24/10/2025";"21:57:27";"217";"Sem vítima";"743,632";"BR-040/MG";"Decrescente";"Atropelamento de animal";1;0;0;0;0;0;0;0;0;0;1;0;0;0;0
"25/10/2025";"13:49:50";"123";"Sem vítima";"657,860";"BR-040/MG";"Decrescente";"Capotamento";1;0;0;0;0;0;0;0;0;0;1;0;0;0;0
"25/10/2025";"14:20:39";"126";"Sem vítima";"570,000";"BR-040/MG";"Crescente";"Colisão traseira";1;0;0;0;0;0;0;0;0;0;1;0;0;0;0
"25/10/2025";"16:12:17";"143";"Com vítima";"714,550";"BR-040/MG";"Decrescente";"Colisão traseira";1;0;0;1;0;0;0;0;0;0;1;1;0;0;0
"25/10/2025";"20:44:50";"204";"Sem vítima";"749,277";"BR-040/MG";"Crescente";"Colisão traseira";2;0;0;0;0;0;0;0;0;0;1;0;0;0;0
"25/10/2025";"23:24:35";"212";"Com vítima";"591,052";"BR-040/MG";"Crescente";"Choque";2;0;0;0;0;0;0;0;0;0;0;1;0;0;0
"26/10/2025";"07:25:42";"54";"Sem vítima";"548,649";"BR-040/MG";"Crescente";"Colisão traseira";1;0;1;0;0;0;0;0;0;0;2;0;0;0;0
"26/10/2025";"15:19:38";"129";"Sem vítima";"565,658";"BR-040/MG";"Crescente";"Colisão traseira";1;0;1;0;0;0;0;0;0;0;2;0;0;0;0
"26/10/2025";"19:17:34";"164";"Com vítima";"560,100";"BR-040/MG";"Decrescente";"Colisão traseira";0;0;0;1;1;0;0;0;0;0;1;1;0;0;0
"26/10/2025";"21:28:05";"183";"Com vítima";"718,100";"BR-040/MG";"Decrescente";"Tombamento";0;0;0;1;0;0;0;0;0;0;0;0;1;0;0
"27/10/2025";"05:46:27";"76";"Com vítima";"615,460";"BR-040/MG";"Crescente";"Colisão traseira";2;0;0;0;0;0;0;0;0;0;1;2;0;0;0
"27/10/2025";"07:44:50";"108";"Sem vítima";"616,000";"BR-040/MG";"Decrescente";"Colisão traseira";1;0;1;0;1;0;0;0;0;0;3;0;0;0;0
"27/10/2025";"08:48:57";"128";"Com vítima";"720,177";"BR-040/MG";"Crescente";"Choque";1;0;1;0;0;0;0;0;0;0;2;1;0;0;0
"27/10/2025";"08:50:22";"129";"Sem vítima";"647,000";"BR-040/MG";"Crescente";"Colisão traseira";0;0;0;0;0;0;0;0;0;2;2;0;0;0;0
"27/10/2025";"16:08:12";"189";"Com vítima";"654,529";"BR-040/MG";"Decrescente";"Capotamento";1;0;0;0;0;0;0;0;0;0;0;1;0;0;0
"27/10/2025";"16:46:51";"193";"Com vítima";"545,450";"BR-040/MG";"Decrescente";"Colisão traseira";3;0;0;0;0;0;0;0;0;0;3;1;0;0;0
"27/10/2025";"17:10:47";"196";"Sem vítima";"737,737";"BR-040/MG";"Decrescente";"Choque";1;0;0;0;0;0;0;0;0;0;1;0;0;0;0
"27/10/2025";"22:55:39";"262";"Sem vítima";"722,000";"BR-040/MG";"Crescente";"Choque";1;0;0;0;0;0;0;0;0;0;1;0;0;0;0
"28/10/2025";"00:33:19";"19";"Sem vítima";"601,352";"BR-040/MG";"Crescente";"Choque";0;0;1;0;0;0;0;0;0;0;1;0;0;0;0
"28/10/2025";"01:52:57";"26";"Com vítima";"608,000";"BR-040/MG";"Crescente";"Saída de pista";0;0;0;1;0;0;0;0;0;0;0;1;0;0;0
"28/10/2025";"06:52:25";"99";"Sem vítima";"716,500";"BR-040/MG";"Decrescente";"Acidentes de outra natureza";1;0;0;0;0;0;0;0;0;0;1;0;0;0;0
"28/10/2025";"07:32:06";"109";"Sem vítima";"735,000";"BR-040/MG";"Decrescente";"Choque";1;0;0;0;0;0;0;0;0;0;1;0;0;0;0
"28/10/2025";"07:49:42";"116";"Sem vítima";"735,254";"BR-040/MG";"Crescente";"Choque";1;0;0;0;0;0;0;0;0;0;1;0;0;0;0
"28/10/2025";"12:53:00";"178";"Sem vítima";"567,000";"BR-040/MG";"Decrescente";"Saída de pista";0;0;0;1;0;0;0;0;0;0;1;0;0;0;0
"29/10/2025";"08:05:45";"124";"Com vítima";"638,784";"BR-040/MG";"Crescente";"Colisão traseira";0;0;0;1;1;0;0;0;0;0;1;0;1;0;0
"29/10/2025";"15:29:36";"181";"Com vítima";"699,900";"BR-040/MG";"Decrescente";"Choque";1;0;0;0;0;0;0;0;0;0;0;1;0;0;0
"29/10/2025";"17:19:01";"196";"Sem vítima";"754,873";"BR-040/MG";"Crescente";"Tombamento";0;0;1;0;0;0;0;0;0;0;0;0;0;0;0
"29/10/2025";"19:29:34";"216";"Com vítima";"763,347";"BR-040/MG";"Crescente";"Saída de pista";1;0;0;0;0;0;0;0;0;0;0;1;0;0;0
"29/10/2025";"22:11:42";"252";"Com vítima";"666,816";"BR-040/MG";"Decrescente";"Colisão traseira";0;0;1;1;0;0;0;0;0;0;1;0;0;0;1
"30/10/2025";"13:47:02";"118";"Com vítima";"631,398";"BR-040/MG";"Crescente";"Colisão traseira";1;0;0;1;0;0;0;0;0;0;1;1;0;0;0
"30/10/2025";"15:27:30";"127";"Com vítima";"756,757";"BR-040/MG";"Decrescente";"Capotamento";1;0;0;0;0;0;0;0;0;0;0;1;0;0;0
"30/10/2025";"17:10:29";"137";"Sem vítima";"645,351";"BR-040/MG";"Decrescente";"Colisão traseira";1;0;1;0;0;0;0;0;0;0;2;0;0;0;0
"30/10/2025";"17:30:04";"143";"Sem vítima";"764,242";"BR-040/MG";"Crescente";"Saída de pista";1;0;0;0;0;0;0;0;0;0;1;0;0;0;0
"30/10/2025";"21:11:51";"169";"Sem vítima";"739,000";"BR-040/MG";"Decrescente";"Saída de pista";1;0;0;0;0;0;0;0;0;0;1;0;0;0;0
"31/10/2025";"06:20:41";"108";"Sem vítima";"572,000";"BR-040/MG";"Decrescente";"Choque";1;0;0;0;0;0;0;0;0;0;1;0;0;0;0
"31/10/2025";"06:42:25";"116";"Sem vítima";"572,000";"BR-040/MG";"Decrescente";"Colisão traseira";2;0;0;0;0;0;0;0;0;0;1;0;0;0;0
"31/10/2025";"08:00:44";"136";"Sem vítima";"653,000";"BR-040/MG";"Decrescente";"Choque";1;0;0;0;0;0;0;0;0;0;1;0;0;0;0
"31/10/2025";"09:18:31";"151";"Com vítima";"548,000";"BR-040/MG";"Crescente";"Colisão traseira";1;0;0;1;0;0;0;0;0;0;1;1;0;0;0
"31/10/2025";"10:30:15";"173";"Sem vítima";"545,000";"BR-040/MG";"Crescente";"Colisão traseira";5;0;0;0;0;0;0;0;0;0;5;0;0;0;0
"31/10/2025";"14:03:40";"197";"Com vítima";"744,620";"BR-040/MG";"Crescente";"Colisão traseira";0;0;0;2;0;0;0;0;0;0;0;2;0;0;0
"31/10/2025";"15:43:05";"205";"Sem vítima";"749,462";"BR-040/MG";"Crescente";"Capotamento";1;0;0;0;0;0;0;0;0;0;1;0;0;0;0
"31/10/2025";"15:53:30";"206";"Sem vítima";"573,200";"BR-040/MG";"Crescente";"Tombamento";1;0;0;0;0;0;0;0;0;0;1;0;0;0;0
"31/10/2025";"15:54:07";"207";"Sem vítima";"618,800";"BR-040/MG";"Crescente";"Acidentes de outra natureza";1;0;0;0;0;0;0;0;0;0;1;0;0;0;0
"31/10/2025";"16:17:03";"211";"Sem vítima";"749,800";"BR-040/MG";"Crescente";"Choque";1;0;0;0;0;0;0;0;0;0;1;0;0;0;0
"31/10/2025";"16:42:57";"215";"Com vítima";"659,982";"BR-040/MG";"Decrescente";"Colisão traseira";3;0;0;0;0;0;0;0;0;0;2;0;1;0;0
"31/10/2025";"18:50:45";"233";"Sem vítima";"612,677";"BR-040/MG";"Decrescente";"Choque";0;0;1;0;0;0;0;0;0;0;1;0;0;0;0
"31/10/2025";"19:11:23";"240";"Sem vítima";"684,371";"BR-040/MG";"Crescente";"Colisão traseira";1;0;2;0;0;0;0;0;0;0;2;0;0;0;0
"31/10/2025";"21:26:17";"261";"Sem vítima";"764,230";"BR-040/MG";"Crescente";"Choque";1;0;0;0;0;0;0;0;0;0;3;0;0;0;0
"01/11/2025";"00:06:13";"1";"Sem vítima";"736,431";"BR-040/MG";"Decrescente";"Saída de pista";0;0;0;1;0;0;0;0;0;0;2;0;0;0;0
"01/11/2025";"08:13:30";"133";"Sem vítima";"621,983";"BR-040/MG";"Decrescente";"Colisão traseira";2;0;0;0;0;0;0;0;0;0;2;0;0;0;0
"01/11/2025";"14:15:59";"193";"Com vítima";"627,450";"BR-040/MG";"Crescente";"Colisão traseira";0;0;0;1;0;0;0;0;0;0;0;1;0;0;0
"01/11/2025";"15:37:53";"197";"Com vítima";"685,000";"BR-040/MG";"Decrescente";"Tombamento";0;0;0;1;0;0;0;0;0;0;0;2;0;0;0
"01/11/2025";"16:47:10";"204";"Sem vítima";"564,000";"BR-040/MG";"Decrescente";"Colisão traseira";1;0;1;0;0;0;0;0;0;0;2;0;0;0;0
"01/11/2025";"21:58:11";"329";"Sem vítima";"661,388";"BR-040/MG";"Decrescente";"Saída de pista";1;0;0;0;0;0;0;0;0;0;1;0;0;0;0
"02/11/2025";"13:50:00";"131";"Sem vítima";"661,500";"BR-040/MG";"Decrescente";"Capotamento";1;0;0;0;0;0;0;0;0;0;1;0;0;0;0
"02/11/2025";"15:17:37";"139";"Sem vítima";"737,797";"BR-040/MG";"Decrescente";"Choque";1;0;0;0;0;0;0;0;0;0;1;0;0;0;0
"02/11/2025";"15:33:18";"141";"Sem vítima";"726,441";"BR-040/MG";"Crescente";"Choque";1;0;0;0;0;0;0;0;0;0;1;0;0;0;0
"02/11/2025";"16:18:00";"148";"Com vítima";"728,836";"BR-040/MG";"Crescente";"Capotamento";1;0;0;0;0;0;0;0;0;0;0;1;0;0;0
"02/11/2025";"16:29:30";"151";"Sem vítima";"713,600";"BR-040/MG";"Decrescente";"Choque";1;0;0;0;0;0;0;0;0;0;1;0;0;0;0
"02/11/2025";"16:30:56";"152";"Sem vítima";"746,527";"BR-040/MG";"Crescente";"Capotamento";1;0;0;0;0;0;0;0;0;0;1;0;0;0;0