data;horario;n_da_ocorrencia;tipo_de_ocorrencia;km;trecho;sentido;tipo_de_acidente;automovel;bicicleta;caminhao;moto;onibus;outros;tracao_animal;transporte_de_cargas_especiais;trator_maquinas;utilitarios;ilesos;levemente_feridos;moderadamente_feridos;gravemente_feridos;mortos
"02/11/2025";"16:41:14";"153";"Com vítima";"732,694";"BR-040/MG";"Crescente";"Capotamento";1;0;0;0;0;0;0;0;0;0;1;0;1;0;0
"02/11/2025";"16:43:02";"154";"Sem vítima";"735,000";"BR-040/MG";"Crescente";"Capotamento";1;0;0;0;0;0;0;0;0;0;1;0;0;0;0
"02/11/2025";"19:18:00";"172";"Com vítima";"693,800";"BR-040/MG";"Crescente";"Saída de pista";0;0;0;1;0;0;0;0;0;0;0;1;0;0;0
"02/11/2025";"20:38:30";"192";"Sem vítima";"650,500";"BR-040/MG";"Crescente";"Acidentes de outra natureza";1;0;0;0;0;0;0;0;0;0;1;0;0;0;0
"03/11/2025";"00:56:50";"19";"Sem vítima";"655,115";"BR-040/MG";"Decrescente";"Choque";1;0;0;0;0;0;0;0;0;0;1;0;0;0;0
"03/11/2025";"06:26:31";"109";"Sem vítima";"573,300";"BR-040/MG";"Crescente";"Colisão traseira";0;0;2;0;0;0;0;0;0;0;2;0;0;0;0
"03/11/2025";"10:25:50";"155";"Sem vítima";"580,250";"BR-040/MG";"Crescente";"Colisão traseira";1;0;1;0;0;0;0;0;0;0;2;0;0;0;0
"03/11/2025";"15:09:52";"184";"Sem vítima";"726,976";"BR-040/MG";"Decrescente";"Choque";1;0;0;0;0;0;0;0;0;0;1;0;0;0;0
"04/11/2025";"14:42:44";"199";"Sem vítima";"597,400";"BR-040/MG";"Decrescente";"Colisão traseira";2;0;0;0;0;0;0;0;0;0;2;0;0;0;0
"04/11/2025";"16:24:07";"212";"Sem vítima";"550,200";"BR-040/MG";"Crescente";"Colisão traseira";0;0;2;0;0;0;0;0;0;0;2;0;0;0;0
"04/11/2025";"16:57:57";"218";"Com vítima";"592,870";"BR-040/MG";"Decrescente";"Choque";0;0;1;0;0;0;0;0;0;0;0;0;1;0;0
"04/11/2025";"17:15:31";"220";"Com vítima";"610,940";"BR-040/MG";"Crescente";"Choque";0;0;1;0;0;0;0;0;0;0;1;0;1;0;0
"04/11/2025";"21:31:32";"259";"Com vítima";"730,210";"BR-040/MG";"Decrescente";"Choque";0;0;1;0;0;0;0;0;0;0;0;0;1;0;0
"05/11/2025";"01:05:46";"8";"Sem vítima";"768,900";"BR-040/MG";"Crescente";"Choque";0;0;1;0;0;0;0;0;0;0;1;0;0;0;0
"05/11/2025";"05:42:17";"103";"Sem vítima";"567,500";"BR-040/MG";"Crescente";"Tombamento";0;0;1;0;0;0;0;0;0;0;1;0;0;0;0
"05/11/2025";"06:21:33";"111";"Sem vítima";"718,200";"BR-040/MG";"Decrescente";"Choque";1;0;0;0;0;0;0;0;0;0;1;0;0;0;0
"05/11/2025";"07:32:16";"128";"Com vítima";"770,922";"BR-040/MG";"Decrescente";"Colisão traseira";1;0;0;1;0;0;0;0;0;0;0;1;0;0;1
"05/11/2025";"09:10:50";"149";"Sem vítima";"729,660";"BR-040/MG";"Decrescente";"Colisão traseira";1;0;0;1;0;0;0;0;0;0;2;0;0;0;0
"05/11/2025";"12:32:42";"174";"Com vítima";"605,450";"BR-040/MG";"Decrescente";"Colisão traseira";2;0;1;0;0;0;0;0;0;0;1;1;0;0;0
"05/11/2025";"15:11:51";"196";"Com vítima";"632,800";"BR-040/MG";"Decrescente";"Colisão traseira";2;0;0;0;0;0;0;0;0;0;1;0;1;0;0
"05/11/2025";"19:15:36";"232";"Sem vítima";"597,343";"BR-040/MG";"Crescente";"Colisão traseira";0;0;2;0;0;0;0;0;0;0;2;0;0;0;0
"05/11/2025";"21:55:39";"260";"Sem vítima";"602,400";"BR-040/MG";"Crescente";"Colisão traseira";1;0;1;0;0;0;0;0;0;0;2;0;0;0;0
"05/11/2025";"23:37:33";"277";"Sem vítima";"547,861";"BR-040/MG";"Crescente";"Atropelamento de animal";1;0;0;0;0;0;0;0;0;0;1;0;0;0;0
"06/11/2025";"00:12:02";"2";"Sem vítima";"763,193";"BR-040/MG";"Crescente";"Atropelamento de animal";0;0;1;0;0;0;0;0;0;0;1;0;0;0;0
"06/11/2025";"02:54:17";"15";"Sem vítima";"579,230";"BR-040/MG";"Decrescente";"Choque";1;0;0;0;0;0;0;0;0;0;1;0;0;0;0
"06/11/2025";"11:35:54";"114";"Sem vítima";"570,350";"BR-040/MG";"Decrescente";"Colisão traseira";0;0;2;0;0;0;0;0;0;0;2;0;0;0;0
"06/11/2025";"13:21:07";"124";"Sem vítima";"678,150";"BR-040/MG";"Crescente";"Choque";1;0;0;0;0;0;0;0;0;0;1;0;0;0;0
"06/11/2025";"14:36:33";"130";"Com vítima";"544,650";"BR-040/MG";"Crescente";"Saída de pista";0;0;0;1;0;0;0;0;0;0;0;0;2;0;0
"06/11/2025";"14:51:30";"132";"Sem vítima";"544,601";"BR-040/MG";"Decrescente";"Colisão traseira";1;0;1;0;0;0;0;0;0;0;2;0;0;0;0
"07/11/2025";"12:47:31";"159";"Sem vítima";"567,100";"BR-040/MG";"Decrescente";"Colisão traseira";1;0;0;1;0;0;0;0;0;0;2;0;0;0;0
"07/11/2025";"15:46:38";"184";"Sem vítima";"762,347";"BR-040/MG";"Crescente";"Capotamento";1;0;0;0;0;0;0;0;0;0;1;0;0;0;0
"07/11/2025";"15:58:00";"188";"Sem vítima";"544,241";"BR-040/MG";"Crescente";"Colisão traseira";1;0;0;1;0;0;0;0;0;0;1;0;0;0;0
"07/11/2025";"16:22:10";"194";"Com vítima";"754,451";"BR-040/MG";"Crescente";"Capotamento";1;0;0;0;0;0;0;0;0;0;1;1;1;0;0
"07/11/2025";"16:31:59";"196";"Sem vítima";"555,941";"BR-040/MG";"Decrescente";"Colisão traseira";2;0;0;0;0;0;0;0;0;0;2;0;0;0;0
"07/11/2025";"17:04:05";"198";"Com vítima";"695,743";"BR-040/MG";"Crescente";"Choque";0;0;0;1;0;0;0;0;0;0;1;1;0;0;0
"07/11/2025";"20:15:44";"225";"Sem vítima";"587,950";"BR-040/MG";"Crescente";"Colisão traseira";2;0;1;0;0;0;0;0;0;0;3;0;0;0;0
"07/11/2025";"23:26:34";"251";"Sem vítima";"749,800";"BR-040/MG";"Decrescente";"Capotamento";1;0;0;0;0;0;0;0;0;0;1;0;0;0;0
"08/11/2025";"03:24:49";"29";"Sem vítima";"751,900";"BR-040/MG";"Crescente";"Colisão traseira";1;0;2;0;0;0;0;0;0;0;3;0;0;0;0
"08/11/2025";"04:39:49";"36";"Sem vítima";"559,000";"BR-040/MG";"Crescente";"Colisão traseira";2;0;0;0;0;0;0;0;0;0;1;0;0;0;0
"08/11/2025";"09:26:47";"74";"Com vítima";"595,694";"BR-040/MG";"Decrescente";"Colisão traseira";1;0;0;0;0;0;0;0;0;1;0;0;0;1;1
"08/11/2025";"09:32:50";"76";"Com vítima";"749,524";"BR-040/MG";"Crescente";"Capotamento";1;0;0;0;0;0;0;0;0;0;1;1;0;0;0
"08/11/2025";"09:36:19";"78";"Sem vítima";"726,530";"BR-040/MG";"Decrescente";"Choque";1;0;0;0;0;0;0;0;0;0;1;0;0;0;0
"08/11/2025";"09:37:18";"79";"Com vítima";"710,390";"BR-040/MG";"Decrescente";"Capotamento";1;0;0;0;0;0;0;0;0;0;0;0;1;0;2
"08/11/2025";"16:45:24";"107";"Com vítima";"739,800";"BR-040/MG";"Decrescente";"Capotamento";1;0;0;0;0;0;0;0;0;0;0;0;1;0;0
"08/11/2025";"16:50:04";"108";"Sem vítima";"661,200";"BR-040/MG";"Crescente";"Choque";1;0;0;0;0;0;0;0;0;0;1;0;0;0;0
"08/11/2025";"17:15:21";"109";"Com vítima";"746,560";"BR-040/MG";"Decrescente";"Colisão traseira";1;0;0;0;1;0;0;0;0;0;2;2;0;0;0
"08/11/2025";"17:43:00";"111";"Sem vítima";"732,500";"BR-040/MG";"Crescente";"Choque";1;0;0;0;0;0;0;0;0;0;1;0;0;0;0
"09/11/2025";"02:01:00";"30";"Sem vítima";"549,000";"BR-040/MG";"Decrescente";"Choque";1;0;0;0;0;0;0;0;0;0;1;0;0;0;0
"09/11/2025";"05:11:42";"137";"Sem vítima";"675,958";"BR-040/MG";"Decrescente";"Tombamento";0;0;0;1;0;0;0;0;0;0;2;0;0;0;0
"09/11/2025";"07:35:01";"152";"Sem vítima";"660,326";"BR-040/MG";"Decrescente";"Colisão traseira";2;0;0;0;0;0;0;0;0;0;2;0;0;0;0
"09/11/2025";"10:13:34";"171";"Sem vítima";"595,389";"BR-040/MG";"Crescente";"Colisão traseira";0;0;2;0;0;0;0;0;0;0;2;0;0;0;0
"09/11/2025";"11:42:59";"176";"Sem vítima";"595,647";"BR-040/MG";"Decrescente";"Colisão traseira";2;0;0;0;0;0;0;0;0;0;2;0;0;0;0
"09/11/2025";"14:08:18";"184";"Com vítima";"635,307";"BR-040/MG";"Decrescente";"Choque";1;0;0;0;0;0;0;0;0;0;0;0;1;0;0
"09/11/2025";"17:07:36";"207";"Sem vítima";"633,379";"BR-040/MG";"Decrescente";"Colisão traseira";2;0;0;0;0;0;0;0;0;0;2;0;0;0;0
"09/11/2025";"20:06:08";"234";"Com vítima";"621,000";"BR-040/MG";"Decrescente";"Colisão traseira";2;0;0;0;0;0;0;0;0;0;1;0;2;0;0
"10/11/2025";"08:18:37";"88";"Sem vítima";"772,500";"BR-040/MG";"Crescente";"Colisão traseira";2;0;0;0;0;0;0;0;0;0;5;0;0;0;0
"10/11/2025";"11:20:38";"116";"Sem vítima";"715,935";"BR-040/MG";"Decrescente";"Tombamento";0;0;1;0;0;0;0;0;0;0;1;0;0;0;0
"10/11/2025";"13:39:21";"131";"Sem vítima";"731,317";"BR-040/MG";"Decrescente";"Colisão traseira";1;0;1;0;0;0;0;0;0;0;2;0;0;0;0
"11/11/2025";"11:22:39";"148";"Sem vítima";"603,704";"BR-040/MG";"Crescente";"Colisão traseira";0;0;2;0;0;0;0;0;0;0;2;0;0;0;0
"11/11/2025";"14:36:39";"167";"Sem vítima";"606,260";"BR-040/MG";"Crescente";"Colisão traseira";0;0;2;0;0;0;0;0;0;0;2;0;0;0;0
"11/11/2025";"16:15:39";"175";"Com vítima";"752,010";"BR-040/MG";"Crescente";"Colisão traseira";1;0;1;0;0;0;0;0;0;0;1;2;0;0;0
"11/11/2025";"18:42:48";"198";"Com vítima";"571,800";"BR-040/MG";"Crescente";"Colisão traseira";1;0;1;0;0;0;0;0;0;0;1;1;1;0;0
"13/11/2025";"04:09:49";"51";"Com vítima";"740,172";"BR-040/MG";"Decrescente";"Colisão traseira";1;0;1;0;0;0;0;0;0;0;1;0;1;0;0
"13/11/2025";"12:25:55";"136";"Sem vítima";"604,400";"BR-040/MG";"Decrescente";"Acidentes de outra natureza";0;0;1;0;0;0;0;0;0;0;1;0;0;0;0
"13/11/2025";"12:44:18";"140";"Sem vítima";"697,450";"BR-040/MG";"Decrescente";"Colisão traseira";1;0;0;0;0;0;0;0;0;0;1;0;0;0;0
"13/11/2025";"14:21:01";"158";"Sem vítima";"604,200";"BR-040/MG";"Crescente";"Colisão traseira";0;0;2;0;0;0;0;0;0;0;2;0;0;0;0
"14/11/2025";"03:58:06";"33";"Com vítima";"743,354";"BR-040/MG";"Crescente";"Tombamento";0;0;1;0;0;0;0;0;0;0;1;1;0;0;0
"14/11/2025";"08:05:16";"66";"Sem vítima";"554,400";"BR-040/MG";"Crescente";"Choque";1;0;0;0;0;0;0;0;0;0;1;0;0;0;0
"14/11/2025";"17:07:32";"163";"Com vítima";"767,500";"BR-040/MG";"Crescente";"Capotamento";1;0;0;0;0;0;0;0;0;0;1;1;0;0;0
"14/11/2025";"22:02:53";"233";"Sem vítima";"544,000";"BR-040/MG";"Crescente";"Colisão traseira";1;0;1;0;0;0;0;0;0;0;2;0;0;0;0
"14/11/2025";"22:24:12";"235";"Sem vítima";"728,135";"BR-040/MG";"Crescente";"Capotamento";1;0;0;0;0;0;0;0;0;0;0;0;0;0;0
"15/11/2025";"02:35:09";"18";"Com vítima";"645,800";"BR-040/MG";"Decrescente";"Colisão traseira";1;0;1;0;0;0;0;0;0;0;1;1;0;0;0
"15/11/2025";"16:22:52";"146";"Com vítima";"562,779";"BR-040/MG";"Decrescente";"Colisão traseira";0;0;0;2;0;0;0;0;0;0;1;1;0;0;0
"15/11/2025";"20:13:02";"180";"Com vítima";"666,900";"BR-040/MG";"Crescente";"Colisão traseira";0;0;0;1;0;0;0;0;0;0;0;0;1;0;0
"16/11/2025";"00:27:07";"3";"Sem vítima";"621,952";"BR-040/MG";"Decrescente";"Colisão traseira";2;0;0;0;0;0;0;0;0;0;1;0;0;0;0
"16/11/2025";"02:18:49";"17";"Com vítima";"607,114";"BR-040/MG";"Crescente";"Tombamento";0;0;0;1;0;0;0;0;0;0;0;1;0;0;0
"16/11/2025";"05:41:04";"58";"Sem vítima";"750,427";"BR-040/MG";"Crescente";"Choque";1;0;0;0;0;0;0;0;0;0;1;0;0;0;0
"16/11/2025";"06:11:02";"76";"Sem vítima";"594,708";"BR-040/MG";"Decrescente";"Choque";0;0;1;0;0;0;0;0;0;0;1;0;0;0;0
"16/11/2025";"07:39:42";"89";"Com vítima";"735,200";"BR-040/MG";"Decrescente";"Choque";1;0;0;0;0;0;0;0;0;0;0;0;1;0;0
"16/11/2025";"08:17:41";"93";"Sem vítima";"730,400";"BR-040/MG";"Crescente";"Choque";1;0;0;0;0;0;0;0;0;0;1;0;0;0;0
"16/11/2025";"08:39:40";"95";"Sem vítima";"730,697";"BR-040/MG";"Crescente";"Choque";1;0;0;0;0;0;0;0;0;0;1;0;0;0;0
"16/11/2025";"12:37:28";"137";"Com vítima";"758,395";"BR-040/MG";"Decrescente";"Colisão traseira";2;0;0;0;0;0;0;0;0;0;1;4;0;0;0
"16/11/2025";"15:09:39";"158";"Sem vítima";"671,200";"BR-040/MG";"Decrescente";"Capotamento";1;0;0;0;0;0;0;0;0;0;1;0;0;0;0
"16/11/2025";"15:19:32";"160";"Sem vítima";"746,400";"BR-040/MG";"Decrescente";"Colisão traseira";1;0;0;1;0;0;0;0;0;0;2;0;0;0;0
"16/11/2025";"15:56:08";"164";"Com vítima";"736,785";"BR-040/MG";"Crescente";"Acidentes de outra natureza";1;0;0;0;0;0;0;0;0;0;0;0;1;0;0
"16/11/2025";"17:08:35";"170";"Com vítima";"606,707";"BR-040/MG";"Decrescente";"Colisão traseira";2;0;0;0;0;0;0;0;0;0;1;0;0;1;0
"16/11/2025";"17:16:52";"171";"Sem vítima";"557,690";"BR-040/MG";"Decrescente";"Choque";1;0;0;0;0;0;0;0;0;0;1;0;0;0;0
"16/11/2025";"19:31:47";"211";"Sem vítima";"730,350";"BR-040/MG";"Crescente";"Choque";1;0;0;0;0;0;0;0;0;0;1;0;0;0;0
"16/11/2025";"19:54:45";"214";"Sem vítima";"590,867";"BR-040/MG";"Crescente";"Colisão traseira";1;0;0;0;0;0;0;0;0;0;1;0;0;0;0
"16/11/2025";"21:25:31";"230";"Com vítima";"767,128";"BR-040/MG";"Decrescente";"Colisão traseira";1;0;1;1;0;0;0;0;0;0;1;0;0;2;0
"17/11/2025";"05:29:29";"138";"Sem vítima";"746,543";"BR-040/MG";"Crescente";"Choque";1;0;0;0;0;0;0;0;0;0;1;0;0;0;0
"17/11/2025";"06:34:44";"150";"Sem vítima";"597,000";"BR-040/MG";"Decrescente";"Colisão traseira";0;0;2;0;0;0;0;0;0;0;2;0;0;0;0
"17/11/2025";"14:37:40";"255";"Sem vítima";"592,940";"BR-040/MG";"Crescente";"Colisão traseira";2;0;1;0;0;0;0;0;0;0;3;0;0;0;0
"17/11/2025";"15:28:08";"261";"Com vítima";"610,800";"BR-040/MG";"Decrescente";"Colisão traseira";1;0;0;1;0;0;0;0;0;0;1;1;0;1;0
"17/11/2025";"16:41:35";"270";"Com vítima";"602,799";"BR-040/MG";"Crescente";"Colisão traseira";0;0;0;1;0;0;0;0;0;1;1;0;1;0;0
"18/11/2025";"07:50:44";"103";"Sem vítima";"668,704";"BR-040/MG";"Crescente";"Choque";1;0;0;0;0;0;0;0;0;0;1;0;0;0;0
"18/11/2025";"17:01:47";"203";"Sem vítima";"619,682";"BR-040/MG";"Crescente";"Saída de pista";1;0;0;0;0;0;0;0;0;0;1;0;0;0;0
"18/11/2025";"20:10:38";"222";"Sem vítima";"738,749";"BR-040/MG";"Decrescente";"Choque";1;0;0;0;0;0;0;0;0;0;1;0;0;0;0
"18/11/2025";"23:36:48";"304";"Com vítima";"585,480";"BR-040/MG";"Decrescente";"Colisão traseira";1;0;1;0;0;0;0;0;0;0;3;1;0;0;0
"19/11/2025";"04:12:31";"31";"Sem vítima";"740,950";"BR-040/MG";"Crescente";"Choque";0;0;1;0;0;0;0;0;0;0;1;0;0;0;0
"19/11/2025";"15:31:07";"186";"Sem vítima";"661,500";"BR-040/MG";"Crescente";"Colisão traseira";0;0;0;2;0;0;0;0;0;0;1;0;0;0;0
"19/11/2025";"16:22:24";"192";"Sem vítima";"552,794";"BR-040/MG";"Decrescente";"Colisão traseira";2;0;0;0;0;0;0;0;0;0;2;0;0;0;0
"19/11/2025";"17:16:49";"198";"Sem vítima";"550,397";"BR-040/MG";"Crescente";"Colisão traseira";2;0;0;0;0;0;0;0;0;0;2;0;0;0;0
"19/11/2025";"19:29:38";"227";"Com vítima";"639,850";"BR-040/MG";"Crescente";"Colisão traseira";1;0;0;1;0;0;0;0;0;0;0;1;1;0;0
"19/11/2025";"20:21:28";"233";"Sem vítima";"547,250";"BR-040/MG";"Crescente";"Colisão traseira";1;0;1;0;0;0;0;0;0;0;2;0;0;0;0
"19/11/2025";"20:41:59";"236";"Com vítima";"549,600";"BR-040/MG";"Decrescente";"Atropelamento de pedestre";1;0;0;0;0;0;0;0;0;0;1;0;0;0;1
"19/11/2025";"21:22:57";"240";"Com vítima";"635,761";"BR-040/MG";"Crescente";"Tombamento";0;0;0;1;0;0;0;0;0;0;0;0;1;0;0
"20/11/2025";"02:18:24";"31";"Sem vítima";"659,000";"BR-040/MG";"Crescente";"Colisão traseira";1;0;1;0;0;0;0;0;0;0;2;0;0;0;0
"20/11/2025";"06:58:15";"67";"Sem vítima";"628,000";"BR-040/MG";"Crescente";"Choque";3;0;0;0;0;0;0;0;0;0;3;0;0;0;0
"20/11/2025";"14:28:17";"140";"Sem vítima";"602,900";"BR-040/MG";"Decrescente";"Choque";1;0;0;0;0;0;0;0;0;0;1;0;0;0;0
"20/11/2025";"14:57:25";"146";"Sem vítima";"732,300";"BR-040/MG";"Decrescente";"Acidentes de outra natureza";0;0;1;0;0;0;0;0;0;0;1;0;0;0;0
"20/11/2025";"16:20:16";"159";"Sem vítima";"619,800";"BR-040/MG";"Crescente";"Choque";1;0;0;0;0;0;0;0;0;0;1;0;0;0;0
"20/11/2025";"16:45:17";"163";"Com vítima";"716,255";"BR-040/MG";"Crescente";"Tombamento";0;0;1;0;0;0;0;0;0;0;0;0;1;0;0
"20/11/2025";"17:47:34";"177";"Sem vítima";"716,461";"BR-040/MG";"Decrescente";"Choque";1;0;0;0;0;0;0;0;0;0;1;0;0;0;0
"20/11/2025";"17:55:57";"178";"Com vítima";"616,000";"BR-040/MG";"Decrescente";"Tombamento";0;0;0;1;0;0;0;0;0;0;1;0;1;0;0
"20/11/2025";"19:33:00";"185";"Sem vítima";"668,000";"BR-040/MG";"Decrescente";"Colisão traseira";2;0;0;0;0;0;0;0;0;0;2;0;0;0;0
"20/11/2025";"20:03:05";"186";"Com vítima";"711,000";"BR-040/MG";"Crescente";"Colisão traseira";0;0;2;0;0;0;0;0;0;0;1;0;1;0;0
"21/11/2025";"04:35:23";"16";"Sem vítima";"771,200";"BR-040/MG";"Decrescente";"Capotamento";1;0;0;0;0;0;0;0;0;0;1;0;0;0;0
"21/11/2025";"08:26:43";"45";"Sem vítima";"764,900";"BR-040/MG";"Crescente";"Colisão traseira";2;0;0;0;0;0;0;0;0;0;2;0;0;0;0
"21/11/2025";"16:55:34";"105";"Sem vítima";"569,790";"BR-040/MG";"Decrescente";"Choque";2;0;0;0;0;0;0;0;0;0;2;0;0;0;0
"22/11/2025";"07:59:24";"143";"Com vítima";"637,700";"BR-040/MG";"Crescente";"Colisão traseira";2;0;1;0;0;0;0;0;0;0;1;0;1;1;0
"22/11/2025";"15:55:31";"207";"Sem vítima";"567,250";"BR-040/MG";"Decrescente";"Colisão traseira";2;0;0;0;0;0;0;0;0;0;2;0;0;0;0
"22/11/2025";"19:50:08";"266";"Com vítima";"682,000";"BR-040/MG";"Crescente";"Colisão traseira";1;1;0;0;0;0;0;0;0;0;3;0;0;0;0
"22/11/2025";"22:18:11";"337";"Sem vítima";"709,364";"BR-040/MG";"Crescente";"Choque";1;0;0;0;0;0;0;0;0;0;1;0;0;0;0
"23/11/2025";"01:41:07";"42";"Sem vítima";"685,760";"BR-040/MG";"Crescente";"Acidentes de outra natureza";1;0;0;0;0;0;0;0;0;0;1;0;0;0;0
"23/11/2025";"10:33:06";"150";"Com vítima";"575,886";"BR-040/MG";"Crescente";"Saída de pista";0;0;0;1;0;0;0;0;0;0;0;0;1;0;0
"23/11/2025";"12:55:07";"179";"Sem vítima";"748,100";"BR-040/MG";"Crescente";"Tombamento";0;0;1;0;0;0;0;0;0;0;1;0;0;0;0
"23/11/2025";"15:48:18";"223";"Sem vítima";"705,399";"BR-040/MG";"Crescente";"Choque";1;0;0;0;0;0;0;0;0;0;1;0;0;0;0
"23/11/2025";"19:07:27";"265";"Sem vítima";"555,010";"BR-040/MG";"Decrescente";"Choque";1;0;0;0;0;0;0;0;0;0;1;0;0;0;0
"23/11/2025";"19:37:39";"268";"Sem vítima";"608,152";"BR-040/MG";"Crescente";"Choque";1;0;0;0;0;0;0;0;0;0;1;0;0;0;0
"24/11/2025";"04:05:05";"41";"Sem vítima";"550,700";"BR-040/MG";"Decrescente";"Choque";1;0;0;0;0;0;0;0;0;0;1;0;0;0;0
"24/11/2025";"09:22:56";"116";"Sem vítima";"576,000";"BR-040/MG";"Crescente";"Colisão traseira";1;0;0;0;0;0;0;0;0;0;1;0;0;0;0
"24/11/2025";"13:16:00";"145";"Sem vítima";"654,400";"BR-040/MG";"Decrescente";"Choque";1;0;0;0;0;0;0;0;0;0;1;0;0;0;0
"24/11/2025";"14:24:45";"160";"Com vítima";"577,020";"BR-040/MG";"Decrescente";"Colisão traseira";2;0;0;0;0;0;0;0;0;0;0;1;1;1;0
"24/11/2025";"14:27:12";"161";"Sem vítima";"727,300";"BR-040/MG";"Decrescente";"Choque";1;0;0;0;0;0;0;0;0;0;1;0;0;0;0
"24/11/2025";"20:23:45";"207";"Sem vítima";"762,947";"BR-040/MG";"Crescente";"Capotamento";1;0;0;0;0;0;0;0;0;0;1;0;0;0;0
"25/11/2025";"09:08:07";"162";"Sem vítima";"585,853";"BR-040/MG";"Crescente";"Tombamento";0;0;0;1;0;0;0;0;0;0;1;0;0;0;0
"25/11/2025";"10:26:11";"175";"Com vítima";"628,760";"BR-040/MG";"Decrescente";"Colisão traseira";0;0;1;1;0;0;0;0;0;0;1;0;1;0;0
"25/11/2025";"10:47:42";"177";"Sem vítima";"612,900";"BR-040/MG";"Crescente";"Colisão traseira";1;0;1;0;0;0;0;0;0;0;2;0;0;0;0
"25/11/2025";"14:29:03";"209";"Com vítima";"561,300";"BR-040/MG";"Crescente";"Saída de pista";0;0;0;1;0;0;0;0;0;0;0;1;0;0;0
"26/11/2025";"07:32:59";"134";"Sem vítima";"546,650";"BR-040/MG";"Decrescente";"Choque";2;0;0;0;0;0;0;0;0;0;2;0;0;0;0
"26/11/2025";"09:25:15";"160";"Sem vítima";"717,557";"BR-040/MG";"Crescente";"Choque";1;0;0;0;0;0;0;0;0;0;1;0;0;0;0
"26/11/2025";"12:09:59";"188";"Sem vítima";"577,422";"BR-040/MG";"Crescente";"Colisão traseira";0;0;1;1;0;0;0;0;0;0;2;0;0;0;0
"26/11/2025";"19:39:49";"257";"Com vítima";"608,362";"BR-040/MG";"Crescente";"Choque";1;0;0;0;0;0;0;0;0;0;0;3;0;0;0
"26/11/2025";"20:55:52";"265";"Sem vítima";"653,415";"BR-040/MG";"Crescente";"Atropelamento de animal";0;0;1;0;0;0;0;0;0;0;1;0;0;0;0
"26/11/2025";"22:35:56";"286";"Com vítima";"753,950";"BR-040/MG";"Crescente";"Choque";0;0;1;0;0;0;0;0;0;0;0;1;0;0;0
"27/11/2025";"09:43:57";"129";"Sem vítima";"605,889";"BR-040/MG";"Crescente";"Colisão traseira";0;0;2;0;0;0;0;0;0;0;2;0;0;0;0
"27/11/2025";"13:40:57";"164";"Com vítima";"669,201";"BR-040/MG";"Crescente";"Colisão traseira";1;0;0;1;0;0;0;0;0;0;1;0;1;0;0
"28/11/2025";"06:14:12";"41";"Sem vítima";"685,100";"BR-040/MG";"Crescente";"Colisão traseira";1;0;1;0;0;0;0;0;0;0;1;0;0;0;0
"28/11/2025";"06:23:32";"43";"Sem vítima";"610,940";"BR-040/MG";"Crescente";"Acidentes de outra natureza";2;0;0;0;0;0;0;0;0;0;1;0;0;0;0
"28/11/2025";"13:06:45";"109";"Sem vítima";"731,450";"BR-040/MG";"Decrescente";"Choque";0;0;0;0;0;0;0;0;0;1;1;0;0;0;0
"28/11/2025";"19:33:04";"194";"Com vítima";"549,000";"BR-040/MG";"Decrescente";"Tombamento";0;0;0;1;0;0;0;0;0;0;0;2;0;0;0
"28/11/2025";"21:18:09";"218";"Sem vítima";"726,450";"BR-040/MG";"Crescente";"Choque";0;0;1;0;0;0;0;0;0;0;1;0;0;0;0
"29/11/2025";"05:43:33";"68";"Sem vítima";"673,500";"BR-040/MG";"Crescente";"Acidentes de outra natureza";1;0;0;0;0;0;0;0;0;0;1;0;0;0;0
"29/11/2025";"14:30:35";"139";"Sem vítima";"544,958";"BR-040/MG";"Crescente";"Colisão traseira";1;0;0;1;0;0;0;0;0;0;2;0;0;0;0
"30/11/2025";"02:38:28";"51";"Sem vítima";"634,851";"BR-040/MG";"Decrescente";"Choque";1;0;0;0;0;0;0;0;0;0;1;0;0;0;0
"30/11/2025";"05:27:05";"77";"Sem vítima";"579,000";"BR-040/MG";"Crescente";"Choque";2;0;0;0;0;0;0;0;0;0;1;0;0;0;0
"30/11/2025";"10:33:14";"117";"Sem vítima";"621,500";"BR-040/MG";"Decrescente";"Colisão traseira";2;0;0;0;0;0;0;0;0;0;2;0;0;0;0